fold,method,mape,mae,n_hours
2025-10,lightgbm,2.53,1815.0,744
2025-10,eia_day_ahead,2.54,1712.0,744
2025-10,seasonal_naive,5.31,3748.0,744
2025-10,lightgbm_observed_weather,1.82,1314.0,744
2025-11,lightgbm,3.32,2329.0,721
2025-11,eia_day_ahead,2.67,1827.0,721
2025-11,seasonal_naive,4.42,3100.0,721
2025-11,lightgbm_observed_weather,2.91,2046.0,721
2025-12,lightgbm,3.96,3082.0,744
2025-12,eia_day_ahead,3.05,2308.0,744
2025-12,seasonal_naive,10.18,7751.0,744
2025-12,lightgbm_observed_weather,3.57,2762.0,744
2026-01,lightgbm,3.62,2959.0,744
2026-01,eia_day_ahead,3.08,2489.0,744
2026-01,seasonal_naive,8.16,6610.0,744
2026-01,lightgbm_observed_weather,3.68,3013.0,744
2026-02,lightgbm,3.45,2639.0,672
2026-02,eia_day_ahead,3.04,2269.0,672
2026-02,seasonal_naive,10.04,7539.0,672
2026-02,lightgbm_observed_weather,2.92,2244.0,672
2026-03,lightgbm,3.03,2138.0,719
2026-03,eia_day_ahead,2.41,1684.0,719
2026-03,seasonal_naive,6.39,4495.0,719
2026-03,lightgbm_observed_weather,2.78,1968.0,719
2026-04,lightgbm,2.69,1846.0,696
2026-04,eia_day_ahead,2.3,1564.0,696
2026-04,seasonal_naive,4.61,3235.0,696
2026-04,lightgbm_observed_weather,2.49,1718.0,696
2026-05,lightgbm,2.54,1852.0,744
2026-05,eia_day_ahead,2.64,1891.0,744
2026-05,seasonal_naive,6.54,4863.0,744
2026-05,lightgbm_observed_weather,2.1,1535.0,744
2026-06,lightgbm,3.31,2776.0,720
2026-06,eia_day_ahead,2.51,2097.0,720
2026-06,seasonal_naive,9.31,7979.0,720
2026-06,lightgbm_observed_weather,3.39,2876.0,720
2026-07,lightgbm,2.6,2408.0,744
2026-07,eia_day_ahead,2.78,2622.0,744
2026-07,seasonal_naive,8.25,7727.0,744
2026-07,lightgbm_observed_weather,2.52,2335.0,744
2026-08,lightgbm,2.57,2301.0,696
2026-08,eia_day_ahead,2.32,2103.0,696
2026-08,seasonal_naive,5.8,5096.0,696
2026-08,lightgbm_observed_weather,2.57,2264.0,696
2026-09,lightgbm,3.01,2576.0,720
2026-09,eia_day_ahead,1.91,1632.0,720
2026-09,seasonal_naive,8.32,7009.0,720
2026-09,lightgbm_observed_weather,3.05,2540.0,720
overall,lightgbm,3.05,2394.0,8664
overall,eia_day_ahead,2.6,2019.0,8664
overall,seasonal_naive,7.28,5767.0,8664
overall,lightgbm_observed_weather,2.82,2219.0,8664
