day,source,n_hours,lightgbm_mape,lightgbm_mae,eia_mape,eia_mae,naive_mape,naive_mae
2026-09-24,replay,24,1.95,1526.94,1.69,1327.08,14.02,10835.5
2026-09-25,replay,24,1.72,1334.94,2.33,1769.75,13.19,9958.54
2026-09-26,replay,24,3.24,2396.58,1.6,1162.67,13.4,9580.17
2026-09-27,replay,24,2.2,1660.92,0.79,563.54,11.61,8177.71
2026-09-28,replay,24,1.39,1066.26,0.7,526.75,4.07,2916.12
2026-09-29,replay,24,1.58,1259.49,0.97,713.04,3.51,2819.29
2026-09-30,replay,24,1.44,1180.94,1.27,1064.79,4.97,4183.92
2026-10-01,replay,24,3.46,2919.41,1.31,1096.5,6.29,5181.58
2026-10-02,replay,24,2.99,2199.2,1.74,1348.96,2.7,1987.08
2026-10-03,replay,24,3.6,2526.01,0.62,428.25,1.83,1320.58
2026-10-04,replay,24,2.17,1495.44,1.28,882.46,3.68,2609.92
2026-10-05,replay,24,1.1,789.19,1.05,757.25,5.66,4229.88
2026-10-06,replay,24,1.95,1412.88,1.45,1077.25,5.78,4417.12
2026-10-07,replay,24,2.02,1539.63,1.45,1130.58,7.05,5305.75
