day,timestamp_utc,forecast_mwh,source,made_at_utc
2026-09-24,2026-09-24 05:00:00+00:00,70931.71717586905,replay,2026-10-09T00:31Z
2026-09-24,2026-09-24 06:00:00+00:00,68785.69639775422,replay,2026-10-09T00:31Z
2026-09-24,2026-09-24 07:00:00+00:00,66444.2292080785,replay,2026-10-09T00:31Z
2026-09-24,2026-09-24 08:00:00+00:00,65713.8182446734,replay,2026-10-09T00:31Z
2026-09-24,2026-09-24 09:00:00+00:00,65125.756385292814,replay,2026-10-09T00:31Z
2026-09-24,2026-09-24 10:00:00+00:00,65300.96324110602,replay,2026-10-09T00:31Z
2026-09-24,2026-09-24 11:00:00+00:00,67442.61863735219,replay,2026-10-09T00:31Z
2026-09-24,2026-09-24 12:00:00+00:00,71443.21920127262,replay,2026-10-09T00:31Z
2026-09-24,2026-09-24 13:00:00+00:00,73288.46456888496,replay,2026-10-09T00:31Z
2026-09-24,2026-09-24 14:00:00+00:00,73764.16905565454,replay,2026-10-09T00:31Z
2026-09-24,2026-09-24 15:00:00+00:00,74640.34593637643,replay,2026-10-09T00:31Z
2026-09-24,2026-09-24 16:00:00+00:00,75454.14190416933,replay,2026-10-09T00:31Z
2026-09-24,2026-09-24 17:00:00+00:00,76264.84039572484,replay,2026-10-09T00:31Z
2026-09-24,2026-09-24 18:00:00+00:00,77958.05633038058,replay,2026-10-09T00:31Z
2026-09-24,2026-09-24 19:00:00+00:00,79678.40850336538,replay,2026-10-09T00:31Z
2026-09-24,2026-09-24 20:00:00+00:00,80395.85685093756,replay,2026-10-09T00:31Z
2026-09-24,2026-09-24 21:00:00+00:00,80221.28887783429,replay,2026-10-09T00:31Z
2026-09-24,2026-09-24 22:00:00+00:00,80590.319623013,replay,2026-10-09T00:31Z
2026-09-24,2026-09-24 23:00:00+00:00,80303.29048105588,replay,2026-10-09T00:31Z
2026-09-24,2026-09-25 00:00:00+00:00,80824.94818923796,replay,2026-10-09T00:31Z
2026-09-24,2026-09-25 01:00:00+00:00,81329.4196568587,replay,2026-10-09T00:31Z
2026-09-24,2026-09-25 02:00:00+00:00,79819.38909787402,replay,2026-10-09T00:31Z
2026-09-24,2026-09-25 03:00:00+00:00,76792.08684319915,replay,2026-10-09T00:31Z
2026-09-24,2026-09-25 04:00:00+00:00,73596.70622282459,replay,2026-10-09T00:31Z
2026-09-25,2026-09-25 05:00:00+00:00,70571.0684944713,replay,2026-10-09T00:31Z
2026-09-25,2026-09-25 06:00:00+00:00,68161.96604678656,replay,2026-10-09T00:31Z
2026-09-25,2026-09-25 07:00:00+00:00,65798.9419248021,replay,2026-10-09T00:31Z
2026-09-25,2026-09-25 08:00:00+00:00,65452.413951137496,replay,2026-10-09T00:31Z
2026-09-25,2026-09-25 09:00:00+00:00,65072.9629962111,replay,2026-10-09T00:31Z
2026-09-25,2026-09-25 10:00:00+00:00,65159.941540643435,replay,2026-10-09T00:31Z
2026-09-25,2026-09-25 11:00:00+00:00,66746.77313968836,replay,2026-10-09T00:31Z
2026-09-25,2026-09-25 12:00:00+00:00,69942.08354257286,replay,2026-10-09T00:31Z
2026-09-25,2026-09-25 13:00:00+00:00,71792.01728705598,replay,2026-10-09T00:31Z
2026-09-25,2026-09-25 14:00:00+00:00,72237.38704130563,replay,2026-10-09T00:31Z
2026-09-25,2026-09-25 15:00:00+00:00,72718.04194010531,replay,2026-10-09T00:31Z
2026-09-25,2026-09-25 16:00:00+00:00,73427.7143739759,replay,2026-10-09T00:31Z
2026-09-25,2026-09-25 17:00:00+00:00,74120.90037112792,replay,2026-10-09T00:31Z
2026-09-25,2026-09-25 18:00:00+00:00,77926.4535740196,replay,2026-10-09T00:31Z
2026-09-25,2026-09-25 19:00:00+00:00,79541.77175743697,replay,2026-10-09T00:31Z
2026-09-25,2026-09-25 20:00:00+00:00,79966.03523112812,replay,2026-10-09T00:31Z
2026-09-25,2026-09-25 21:00:00+00:00,80024.66669205905,replay,2026-10-09T00:31Z
2026-09-25,2026-09-25 22:00:00+00:00,80101.67377984503,replay,2026-10-09T00:31Z
2026-09-25,2026-09-25 23:00:00+00:00,79360.35853335261,replay,2026-10-09T00:31Z
2026-09-25,2026-09-26 00:00:00+00:00,78820.1732535849,replay,2026-10-09T00:31Z
2026-09-25,2026-09-26 01:00:00+00:00,78217.55542676953,replay,2026-10-09T00:31Z
2026-09-25,2026-09-26 02:00:00+00:00,77386.17927446828,replay,2026-10-09T00:31Z
2026-09-25,2026-09-26 03:00:00+00:00,74459.61158271445,replay,2026-10-09T00:31Z
2026-09-25,2026-09-26 04:00:00+00:00,71979.86194659029,replay,2026-10-09T00:31Z
2026-09-26,2026-09-26 05:00:00+00:00,67517.17354779111,replay,2026-10-09T00:31Z
2026-09-26,2026-09-26 06:00:00+00:00,66247.53725681614,replay,2026-10-09T00:31Z
2026-09-26,2026-09-26 07:00:00+00:00,65164.86600898257,replay,2026-10-09T00:31Z
2026-09-26,2026-09-26 08:00:00+00:00,63620.81242819681,replay,2026-10-09T00:31Z
2026-09-26,2026-09-26 09:00:00+00:00,62813.32865490099,replay,2026-10-09T00:31Z
2026-09-26,2026-09-26 10:00:00+00:00,62235.26415881188,replay,2026-10-09T00:31Z
2026-09-26,2026-09-26 11:00:00+00:00,62072.97901019881,replay,2026-10-09T00:31Z
2026-09-26,2026-09-26 12:00:00+00:00,63281.43098153143,replay,2026-10-09T00:31Z
2026-09-26,2026-09-26 13:00:00+00:00,64495.43161601813,replay,2026-10-09T00:31Z
2026-09-26,2026-09-26 14:00:00+00:00,66377.48356582512,replay,2026-10-09T00:31Z
2026-09-26,2026-09-26 15:00:00+00:00,67028.97297102974,replay,2026-10-09T00:31Z
2026-09-26,2026-09-26 16:00:00+00:00,68597.98008644965,replay,2026-10-09T00:31Z
2026-09-26,2026-09-26 17:00:00+00:00,68158.62411133068,replay,2026-10-09T00:31Z
2026-09-26,2026-09-26 18:00:00+00:00,71567.06295451491,replay,2026-10-09T00:31Z
2026-09-26,2026-09-26 19:00:00+00:00,72946.73129586098,replay,2026-10-09T00:31Z
2026-09-26,2026-09-26 20:00:00+00:00,71430.8876932184,replay,2026-10-09T00:31Z
2026-09-26,2026-09-26 21:00:00+00:00,70542.71694273122,replay,2026-10-09T00:31Z
2026-09-26,2026-09-26 22:00:00+00:00,71868.81075706691,replay,2026-10-09T00:31Z
2026-09-26,2026-09-26 23:00:00+00:00,73077.7333873427,replay,2026-10-09T00:31Z
2026-09-26,2026-09-27 00:00:00+00:00,72044.49072734937,replay,2026-10-09T00:31Z
2026-09-26,2026-09-27 01:00:00+00:00,72861.48696066378,replay,2026-10-09T00:31Z
2026-09-26,2026-09-27 02:00:00+00:00,72285.62657918833,replay,2026-10-09T00:31Z
2026-09-26,2026-09-27 03:00:00+00:00,69959.06718994127,replay,2026-10-09T00:31Z
2026-09-26,2026-09-27 04:00:00+00:00,67840.20319753568,replay,2026-10-09T00:31Z
2026-09-27,2026-09-27 05:00:00+00:00,65285.55761304629,replay,2026-10-09T00:31Z
2026-09-27,2026-09-27 06:00:00+00:00,63711.41929901002,replay,2026-10-09T00:31Z
2026-09-27,2026-09-27 07:00:00+00:00,62653.46507460228,replay,2026-10-09T00:31Z
2026-09-27,2026-09-27 08:00:00+00:00,61465.81600083863,replay,2026-10-09T00:31Z
2026-09-27,2026-09-27 09:00:00+00:00,60478.04635074498,replay,2026-10-09T00:31Z
2026-09-27,2026-09-27 10:00:00+00:00,60276.29442884707,replay,2026-10-09T00:31Z
2026-09-27,2026-09-27 11:00:00+00:00,60282.13227731416,replay,2026-10-09T00:31Z
2026-09-27,2026-09-27 12:00:00+00:00,61136.735525321405,replay,2026-10-09T00:31Z
2026-09-27,2026-09-27 13:00:00+00:00,61971.96562069878,replay,2026-10-09T00:31Z
2026-09-27,2026-09-27 14:00:00+00:00,63798.40242501066,replay,2026-10-09T00:31Z
2026-09-27,2026-09-27 15:00:00+00:00,65666.39159011893,replay,2026-10-09T00:31Z
2026-09-27,2026-09-27 16:00:00+00:00,68470.198979027,replay,2026-10-09T00:31Z
2026-09-27,2026-09-27 17:00:00+00:00,71100.96146686524,replay,2026-10-09T00:31Z
2026-09-27,2026-09-27 18:00:00+00:00,72267.53814655074,replay,2026-10-09T00:31Z
2026-09-27,2026-09-27 19:00:00+00:00,73268.58115610779,replay,2026-10-09T00:31Z
2026-09-27,2026-09-27 20:00:00+00:00,74384.54239473812,replay,2026-10-09T00:31Z
2026-09-27,2026-09-27 21:00:00+00:00,73833.78835939776,replay,2026-10-09T00:31Z
2026-09-27,2026-09-27 22:00:00+00:00,76339.35500855595,replay,2026-10-09T00:31Z
2026-09-27,2026-09-27 23:00:00+00:00,77822.33032177953,replay,2026-10-09T00:31Z
2026-09-27,2026-09-28 00:00:00+00:00,76015.95624027967,replay,2026-10-09T00:31Z
2026-09-27,2026-09-28 01:00:00+00:00,76895.3183824236,replay,2026-10-09T00:31Z
2026-09-27,2026-09-28 02:00:00+00:00,74753.98182714515,replay,2026-10-09T00:31Z
2026-09-27,2026-09-28 03:00:00+00:00,72512.39470098195,replay,2026-10-09T00:31Z
2026-09-27,2026-09-28 04:00:00+00:00,69103.00569365991,replay,2026-10-09T00:31Z
2026-09-28,2026-09-28 05:00:00+00:00,67983.62044812237,replay,2026-10-09T00:31Z
2026-09-28,2026-09-28 06:00:00+00:00,65815.84153002215,replay,2026-10-09T00:31Z
2026-09-28,2026-09-28 07:00:00+00:00,63622.17110666217,replay,2026-10-09T00:31Z
2026-09-28,2026-09-28 08:00:00+00:00,62525.439757081396,replay,2026-10-09T00:31Z
2026-09-28,2026-09-28 09:00:00+00:00,62016.41310642434,replay,2026-10-09T00:31Z
2026-09-28,2026-09-28 10:00:00+00:00,62669.52600607938,replay,2026-10-09T00:31Z
2026-09-28,2026-09-28 11:00:00+00:00,66124.63211318065,replay,2026-10-09T00:31Z
2026-09-28,2026-09-28 12:00:00+00:00,68873.26740052742,replay,2026-10-09T00:31Z
2026-09-28,2026-09-28 13:00:00+00:00,71490.96820050439,replay,2026-10-09T00:31Z
2026-09-28,2026-09-28 14:00:00+00:00,73158.47699835208,replay,2026-10-09T00:31Z
2026-09-28,2026-09-28 15:00:00+00:00,74733.33699988485,replay,2026-10-09T00:31Z
2026-09-28,2026-09-28 16:00:00+00:00,78255.76129073898,replay,2026-10-09T00:31Z
2026-09-28,2026-09-28 17:00:00+00:00,81682.54360557553,replay,2026-10-09T00:31Z
2026-09-28,2026-09-28 18:00:00+00:00,83702.66391542742,replay,2026-10-09T00:31Z
2026-09-28,2026-09-28 19:00:00+00:00,85008.75991773623,replay,2026-10-09T00:31Z
2026-09-28,2026-09-28 20:00:00+00:00,86343.18785237326,replay,2026-10-09T00:31Z
2026-09-28,2026-09-28 21:00:00+00:00,87349.69878155756,replay,2026-10-09T00:31Z
2026-09-28,2026-09-28 22:00:00+00:00,86284.34828477923,replay,2026-10-09T00:31Z
2026-09-28,2026-09-28 23:00:00+00:00,85158.94007622001,replay,2026-10-09T00:31Z
2026-09-28,2026-09-29 00:00:00+00:00,84721.8207170426,replay,2026-10-09T00:31Z
2026-09-28,2026-09-29 01:00:00+00:00,83287.18595387951,replay,2026-10-09T00:31Z
2026-09-28,2026-09-29 02:00:00+00:00,82003.19690596906,replay,2026-10-09T00:31Z
2026-09-28,2026-09-29 03:00:00+00:00,77808.22066359599,replay,2026-10-09T00:31Z
2026-09-28,2026-09-29 04:00:00+00:00,74281.25023746332,replay,2026-10-09T00:31Z
2026-09-29,2026-09-29 05:00:00+00:00,69533.16917305367,replay,2026-10-09T00:31Z
2026-09-29,2026-09-29 06:00:00+00:00,67510.43194182792,replay,2026-10-09T00:31Z
2026-09-29,2026-09-29 07:00:00+00:00,65464.80679056419,replay,2026-10-09T00:31Z
2026-09-29,2026-09-29 08:00:00+00:00,64037.50412262002,replay,2026-10-09T00:31Z
2026-09-29,2026-09-29 09:00:00+00:00,63407.4246559615,replay,2026-10-09T00:31Z
2026-09-29,2026-09-29 10:00:00+00:00,64216.22856931395,replay,2026-10-09T00:31Z
2026-09-29,2026-09-29 11:00:00+00:00,67114.25267098824,replay,2026-10-09T00:31Z
2026-09-29,2026-09-29 12:00:00+00:00,70114.00960279668,replay,2026-10-09T00:31Z
2026-09-29,2026-09-29 13:00:00+00:00,71381.7480774805,replay,2026-10-09T00:31Z
2026-09-29,2026-09-29 14:00:00+00:00,73444.44676722064,replay,2026-10-09T00:31Z
2026-09-29,2026-09-29 15:00:00+00:00,74954.24022678593,replay,2026-10-09T00:31Z
2026-09-29,2026-09-29 16:00:00+00:00,77810.41995003975,replay,2026-10-09T00:31Z
2026-09-29,2026-09-29 17:00:00+00:00,81474.53151681044,replay,2026-10-09T00:31Z
2026-09-29,2026-09-29 18:00:00+00:00,83950.39338491934,replay,2026-10-09T00:31Z
2026-09-29,2026-09-29 19:00:00+00:00,84247.3824411233,replay,2026-10-09T00:31Z
2026-09-29,2026-09-29 20:00:00+00:00,85683.56466937659,replay,2026-10-09T00:31Z
2026-09-29,2026-09-29 21:00:00+00:00,86858.88353737196,replay,2026-10-09T00:31Z
2026-09-29,2026-09-29 22:00:00+00:00,87070.606544386,replay,2026-10-09T00:31Z
2026-09-29,2026-09-29 23:00:00+00:00,86696.20638038807,replay,2026-10-09T00:31Z
2026-09-29,2026-09-30 00:00:00+00:00,87821.09490334803,replay,2026-10-09T00:31Z
2026-09-29,2026-09-30 01:00:00+00:00,87084.98902778755,replay,2026-10-09T00:31Z
2026-09-29,2026-09-30 02:00:00+00:00,85201.27498887613,replay,2026-10-09T00:31Z
2026-09-29,2026-09-30 03:00:00+00:00,80890.98149277072,replay,2026-10-09T00:31Z
2026-09-29,2026-09-30 04:00:00+00:00,76683.4451639978,replay,2026-10-09T00:31Z
2026-09-30,2026-09-30 05:00:00+00:00,72357.5483580055,replay,2026-10-09T00:31Z
2026-09-30,2026-09-30 06:00:00+00:00,71347.89250784129,replay,2026-10-09T00:31Z
2026-09-30,2026-09-30 07:00:00+00:00,69616.04252363015,replay,2026-10-09T00:31Z
2026-09-30,2026-09-30 08:00:00+00:00,67376.52294608501,replay,2026-10-09T00:31Z
2026-09-30,2026-09-30 09:00:00+00:00,66378.67521166873,replay,2026-10-09T00:31Z
2026-09-30,2026-09-30 10:00:00+00:00,66588.38327594039,replay,2026-10-09T00:31Z
2026-09-30,2026-09-30 11:00:00+00:00,68873.17854804336,replay,2026-10-09T00:31Z
2026-09-30,2026-09-30 12:00:00+00:00,72320.10242707434,replay,2026-10-09T00:31Z
2026-09-30,2026-09-30 13:00:00+00:00,73458.30857809076,replay,2026-10-09T00:31Z
2026-09-30,2026-09-30 14:00:00+00:00,74706.22147026665,replay,2026-10-09T00:31Z
2026-09-30,2026-09-30 15:00:00+00:00,76377.9954148681,replay,2026-10-09T00:31Z
2026-09-30,2026-09-30 16:00:00+00:00,79772.90343611423,replay,2026-10-09T00:31Z
2026-09-30,2026-09-30 17:00:00+00:00,84076.86632000795,replay,2026-10-09T00:31Z
2026-09-30,2026-09-30 18:00:00+00:00,85613.91220325789,replay,2026-10-09T00:31Z
2026-09-30,2026-09-30 19:00:00+00:00,88402.90741531346,replay,2026-10-09T00:31Z
2026-09-30,2026-09-30 20:00:00+00:00,88740.60155903055,replay,2026-10-09T00:31Z
2026-09-30,2026-09-30 21:00:00+00:00,89287.12660837028,replay,2026-10-09T00:31Z
2026-09-30,2026-09-30 22:00:00+00:00,89635.38729924898,replay,2026-10-09T00:31Z
2026-09-30,2026-09-30 23:00:00+00:00,90064.63687997972,replay,2026-10-09T00:31Z
2026-09-30,2026-10-01 00:00:00+00:00,89036.64151754022,replay,2026-10-09T00:31Z
2026-09-30,2026-10-01 01:00:00+00:00,88299.80267874234,replay,2026-10-09T00:31Z
2026-09-30,2026-10-01 02:00:00+00:00,87106.78006217825,replay,2026-10-09T00:31Z
2026-09-30,2026-10-01 03:00:00+00:00,82615.8334108155,replay,2026-10-09T00:31Z
2026-09-30,2026-10-01 04:00:00+00:00,79363.44641045942,replay,2026-10-09T00:31Z
2026-10-01,2026-10-01 05:00:00+00:00,76097.62082319178,replay,2026-10-09T00:31Z
2026-10-01,2026-10-01 06:00:00+00:00,73573.75059232322,replay,2026-10-09T00:31Z
2026-10-01,2026-10-01 07:00:00+00:00,71433.15195408245,replay,2026-10-09T00:31Z
2026-10-01,2026-10-01 08:00:00+00:00,69059.1336496259,replay,2026-10-09T00:31Z
2026-10-01,2026-10-01 09:00:00+00:00,68624.71173253632,replay,2026-10-09T00:31Z
2026-10-01,2026-10-01 10:00:00+00:00,68935.08056092325,replay,2026-10-09T00:31Z
2026-10-01,2026-10-01 11:00:00+00:00,70537.26313116052,replay,2026-10-09T00:31Z
2026-10-01,2026-10-01 12:00:00+00:00,73585.75631275626,replay,2026-10-09T00:31Z
2026-10-01,2026-10-01 13:00:00+00:00,74291.2092536578,replay,2026-10-09T00:31Z
2026-10-01,2026-10-01 14:00:00+00:00,74989.17571071029,replay,2026-10-09T00:31Z
2026-10-01,2026-10-01 15:00:00+00:00,76466.696168082,replay,2026-10-09T00:31Z
2026-10-01,2026-10-01 16:00:00+00:00,77370.65928606148,replay,2026-10-09T00:31Z
2026-10-01,2026-10-01 17:00:00+00:00,82573.71992373282,replay,2026-10-09T00:31Z
2026-10-01,2026-10-01 18:00:00+00:00,83919.75608130435,replay,2026-10-09T00:31Z
2026-10-01,2026-10-01 19:00:00+00:00,87108.49312792865,replay,2026-10-09T00:31Z
2026-10-01,2026-10-01 20:00:00+00:00,84948.79839195017,replay,2026-10-09T00:31Z
2026-10-01,2026-10-01 21:00:00+00:00,85680.8616295434,replay,2026-10-09T00:31Z
2026-10-01,2026-10-01 22:00:00+00:00,85892.89675927571,replay,2026-10-09T00:31Z
2026-10-01,2026-10-01 23:00:00+00:00,85959.14486515701,replay,2026-10-09T00:31Z
2026-10-01,2026-10-02 00:00:00+00:00,84609.07749419508,replay,2026-10-09T00:31Z
2026-10-01,2026-10-02 01:00:00+00:00,83942.23412265352,replay,2026-10-09T00:31Z
2026-10-01,2026-10-02 02:00:00+00:00,82269.72119774707,replay,2026-10-09T00:31Z
2026-10-01,2026-10-02 03:00:00+00:00,78805.45625181957,replay,2026-10-09T00:31Z
2026-10-01,2026-10-02 04:00:00+00:00,75693.65158623614,replay,2026-10-09T00:31Z
2026-10-02,2026-10-02 05:00:00+00:00,71680.96086127378,replay,2026-10-09T00:31Z
2026-10-02,2026-10-02 06:00:00+00:00,68899.0506264653,replay,2026-10-09T00:31Z
2026-10-02,2026-10-02 07:00:00+00:00,66870.96098392882,replay,2026-10-09T00:31Z
2026-10-02,2026-10-02 08:00:00+00:00,65356.11033848313,replay,2026-10-09T00:31Z
2026-10-02,2026-10-02 09:00:00+00:00,65026.12201160353,replay,2026-10-09T00:31Z
2026-10-02,2026-10-02 10:00:00+00:00,65229.94690092046,replay,2026-10-09T00:31Z
2026-10-02,2026-10-02 11:00:00+00:00,66748.8282948062,replay,2026-10-09T00:31Z
2026-10-02,2026-10-02 12:00:00+00:00,68853.74911417262,replay,2026-10-09T00:31Z
2026-10-02,2026-10-02 13:00:00+00:00,70905.07271214199,replay,2026-10-09T00:31Z
2026-10-02,2026-10-02 14:00:00+00:00,72099.59002801108,replay,2026-10-09T00:31Z
2026-10-02,2026-10-02 15:00:00+00:00,73238.9170556164,replay,2026-10-09T00:31Z
2026-10-02,2026-10-02 16:00:00+00:00,74668.70115370718,replay,2026-10-09T00:31Z
2026-10-02,2026-10-02 17:00:00+00:00,76383.40481195097,replay,2026-10-09T00:31Z
2026-10-02,2026-10-02 18:00:00+00:00,77531.85159199165,replay,2026-10-09T00:31Z
2026-10-02,2026-10-02 19:00:00+00:00,79116.5304025484,replay,2026-10-09T00:31Z
2026-10-02,2026-10-02 20:00:00+00:00,81572.8082948989,replay,2026-10-09T00:31Z
2026-10-02,2026-10-02 21:00:00+00:00,80721.44138454967,replay,2026-10-09T00:31Z
2026-10-02,2026-10-02 22:00:00+00:00,80280.85466296777,replay,2026-10-09T00:31Z
2026-10-02,2026-10-02 23:00:00+00:00,80339.69426798979,replay,2026-10-09T00:31Z
2026-10-02,2026-10-03 00:00:00+00:00,80229.23029922482,replay,2026-10-09T00:31Z
2026-10-02,2026-10-03 01:00:00+00:00,77841.67792569156,replay,2026-10-09T00:31Z
2026-10-02,2026-10-03 02:00:00+00:00,76208.47404093243,replay,2026-10-09T00:31Z
2026-10-02,2026-10-03 03:00:00+00:00,74802.38781057972,replay,2026-10-09T00:31Z
2026-10-02,2026-10-03 04:00:00+00:00,71665.01981550267,replay,2026-10-09T00:31Z
2026-10-03,2026-10-03 05:00:00+00:00,68811.19788510981,replay,2026-10-09T00:31Z
2026-10-03,2026-10-03 06:00:00+00:00,65512.20073057998,replay,2026-10-09T00:31Z
2026-10-03,2026-10-03 07:00:00+00:00,63705.10716474397,replay,2026-10-09T00:31Z
2026-10-03,2026-10-03 08:00:00+00:00,61400.738504060864,replay,2026-10-09T00:31Z
2026-10-03,2026-10-03 09:00:00+00:00,61137.65946340507,replay,2026-10-09T00:31Z
2026-10-03,2026-10-03 10:00:00+00:00,60672.33364955615,replay,2026-10-09T00:31Z
2026-10-03,2026-10-03 11:00:00+00:00,60993.19496302197,replay,2026-10-09T00:31Z
2026-10-03,2026-10-03 12:00:00+00:00,61190.555992647955,replay,2026-10-09T00:31Z
2026-10-03,2026-10-03 13:00:00+00:00,62869.60481665223,replay,2026-10-09T00:31Z
2026-10-03,2026-10-03 14:00:00+00:00,64796.32660018235,replay,2026-10-09T00:31Z
2026-10-03,2026-10-03 15:00:00+00:00,68115.77733854867,replay,2026-10-09T00:31Z
2026-10-03,2026-10-03 16:00:00+00:00,71145.28193566628,replay,2026-10-09T00:31Z
2026-10-03,2026-10-03 17:00:00+00:00,72369.42771549932,replay,2026-10-09T00:31Z
2026-10-03,2026-10-03 18:00:00+00:00,75007.9385146045,replay,2026-10-09T00:31Z
2026-10-03,2026-10-03 19:00:00+00:00,77289.25800348463,replay,2026-10-09T00:31Z
2026-10-03,2026-10-03 20:00:00+00:00,78445.43262410318,replay,2026-10-09T00:31Z
2026-10-03,2026-10-03 21:00:00+00:00,79254.80209902592,replay,2026-10-09T00:31Z
2026-10-03,2026-10-03 22:00:00+00:00,79565.80281639333,replay,2026-10-09T00:31Z
2026-10-03,2026-10-03 23:00:00+00:00,78202.55460339613,replay,2026-10-09T00:31Z
2026-10-03,2026-10-04 00:00:00+00:00,76865.83628588943,replay,2026-10-09T00:31Z
2026-10-03,2026-10-04 01:00:00+00:00,77030.50246355437,replay,2026-10-09T00:31Z
2026-10-03,2026-10-04 02:00:00+00:00,75452.21672727418,replay,2026-10-09T00:31Z
2026-10-03,2026-10-04 03:00:00+00:00,74903.43539215076,replay,2026-10-09T00:31Z
2026-10-03,2026-10-04 04:00:00+00:00,71521.02509007769,replay,2026-10-09T00:31Z
2026-10-04,2026-10-04 05:00:00+00:00,67540.45486432871,replay,2026-10-09T00:31Z
2026-10-04,2026-10-04 06:00:00+00:00,65684.04751451343,replay,2026-10-09T00:31Z
2026-10-04,2026-10-04 07:00:00+00:00,63409.65541611332,replay,2026-10-09T00:31Z
2026-10-04,2026-10-04 08:00:00+00:00,62169.40673192619,replay,2026-10-09T00:31Z
2026-10-04,2026-10-04 09:00:00+00:00,60660.85171434222,replay,2026-10-09T00:31Z
2026-10-04,2026-10-04 10:00:00+00:00,60363.8178412048,replay,2026-10-09T00:31Z
2026-10-04,2026-10-04 11:00:00+00:00,59895.39887724143,replay,2026-10-09T00:31Z
2026-10-04,2026-10-04 12:00:00+00:00,60514.827270051464,replay,2026-10-09T00:31Z
2026-10-04,2026-10-04 13:00:00+00:00,61270.90790350683,replay,2026-10-09T00:31Z
2026-10-04,2026-10-04 14:00:00+00:00,63359.96528380866,replay,2026-10-09T00:31Z
2026-10-04,2026-10-04 15:00:00+00:00,65032.80176684858,replay,2026-10-09T00:31Z
2026-10-04,2026-10-04 16:00:00+00:00,66957.6334479782,replay,2026-10-09T00:31Z
2026-10-04,2026-10-04 17:00:00+00:00,69107.54193758711,replay,2026-10-09T00:31Z
2026-10-04,2026-10-04 18:00:00+00:00,71202.94117820449,replay,2026-10-09T00:31Z
2026-10-04,2026-10-04 19:00:00+00:00,72651.6006918062,replay,2026-10-09T00:31Z
2026-10-04,2026-10-04 20:00:00+00:00,73810.15205238116,replay,2026-10-09T00:31Z
2026-10-04,2026-10-04 21:00:00+00:00,74806.44100434214,replay,2026-10-09T00:31Z
2026-10-04,2026-10-04 22:00:00+00:00,76327.17368914327,replay,2026-10-09T00:31Z
2026-10-04,2026-10-04 23:00:00+00:00,79602.3204752781,replay,2026-10-09T00:31Z
2026-10-04,2026-10-05 00:00:00+00:00,78217.79811897567,replay,2026-10-09T00:31Z
2026-10-04,2026-10-05 01:00:00+00:00,78513.52129105835,replay,2026-10-09T00:31Z
2026-10-04,2026-10-05 02:00:00+00:00,75396.6957451153,replay,2026-10-09T00:31Z
2026-10-04,2026-10-05 03:00:00+00:00,72337.24169645729,replay,2026-10-09T00:31Z
2026-10-04,2026-10-05 04:00:00+00:00,69335.15400050007,replay,2026-10-09T00:31Z
2026-10-05,2026-10-05 05:00:00+00:00,65748.57356292827,replay,2026-10-09T00:31Z
2026-10-05,2026-10-05 06:00:00+00:00,64351.878555885305,replay,2026-10-09T00:31Z
2026-10-05,2026-10-05 07:00:00+00:00,62622.80832017312,replay,2026-10-09T00:31Z
2026-10-05,2026-10-05 08:00:00+00:00,61146.48743490698,replay,2026-10-09T00:31Z
2026-10-05,2026-10-05 09:00:00+00:00,60327.23402982453,replay,2026-10-09T00:31Z
2026-10-05,2026-10-05 10:00:00+00:00,61218.44536785338,replay,2026-10-09T00:31Z
2026-10-05,2026-10-05 11:00:00+00:00,65031.133869688536,replay,2026-10-09T00:31Z
2026-10-05,2026-10-05 12:00:00+00:00,68029.19766624628,replay,2026-10-09T00:31Z
2026-10-05,2026-10-05 13:00:00+00:00,70152.46709524936,replay,2026-10-09T00:31Z
2026-10-05,2026-10-05 14:00:00+00:00,71625.81893240029,replay,2026-10-09T00:31Z
2026-10-05,2026-10-05 15:00:00+00:00,73164.63559283974,replay,2026-10-09T00:31Z
2026-10-05,2026-10-05 16:00:00+00:00,74172.88382586744,replay,2026-10-09T00:31Z
2026-10-05,2026-10-05 17:00:00+00:00,74942.63889812217,replay,2026-10-09T00:31Z
2026-10-05,2026-10-05 18:00:00+00:00,75852.67771793726,replay,2026-10-09T00:31Z
2026-10-05,2026-10-05 19:00:00+00:00,77034.9438692118,replay,2026-10-09T00:31Z
2026-10-05,2026-10-05 20:00:00+00:00,77757.47241643802,replay,2026-10-09T00:31Z
2026-10-05,2026-10-05 21:00:00+00:00,79447.43348703589,replay,2026-10-09T00:31Z
2026-10-05,2026-10-05 22:00:00+00:00,79526.05764447845,replay,2026-10-09T00:31Z
2026-10-05,2026-10-05 23:00:00+00:00,79800.02401352597,replay,2026-10-09T00:31Z
2026-10-05,2026-10-06 00:00:00+00:00,78844.17328966968,replay,2026-10-09T00:31Z
2026-10-05,2026-10-06 01:00:00+00:00,78714.07648696509,replay,2026-10-09T00:31Z
2026-10-05,2026-10-06 02:00:00+00:00,77028.79528841077,replay,2026-10-09T00:31Z
2026-10-05,2026-10-06 03:00:00+00:00,74993.8816678621,replay,2026-10-09T00:31Z
2026-10-05,2026-10-06 04:00:00+00:00,72332.4663625637,replay,2026-10-09T00:31Z
2026-10-06,2026-10-06 05:00:00+00:00,67579.82549147082,replay,2026-10-09T00:31Z
2026-10-06,2026-10-06 06:00:00+00:00,64683.09685612106,replay,2026-10-09T00:31Z
2026-10-06,2026-10-06 07:00:00+00:00,62519.3268126478,replay,2026-10-09T00:31Z
2026-10-06,2026-10-06 08:00:00+00:00,61851.44929993723,replay,2026-10-09T00:31Z
2026-10-06,2026-10-06 09:00:00+00:00,61410.01554892597,replay,2026-10-09T00:31Z
2026-10-06,2026-10-06 10:00:00+00:00,61867.93872929792,replay,2026-10-09T00:31Z
2026-10-06,2026-10-06 11:00:00+00:00,64953.932920552776,replay,2026-10-09T00:31Z
2026-10-06,2026-10-06 12:00:00+00:00,68232.20140134329,replay,2026-10-09T00:31Z
2026-10-06,2026-10-06 13:00:00+00:00,70492.10240165915,replay,2026-10-09T00:31Z
2026-10-06,2026-10-06 14:00:00+00:00,71440.88817086254,replay,2026-10-09T00:31Z
2026-10-06,2026-10-06 15:00:00+00:00,72666.5426118319,replay,2026-10-09T00:31Z
2026-10-06,2026-10-06 16:00:00+00:00,74056.27122376452,replay,2026-10-09T00:31Z
2026-10-06,2026-10-06 17:00:00+00:00,76295.57968742886,replay,2026-10-09T00:31Z
2026-10-06,2026-10-06 18:00:00+00:00,78741.00868053296,replay,2026-10-09T00:31Z
2026-10-06,2026-10-06 19:00:00+00:00,80515.70778648506,replay,2026-10-09T00:31Z
2026-10-06,2026-10-06 20:00:00+00:00,81992.4421775137,replay,2026-10-09T00:31Z
2026-10-06,2026-10-06 21:00:00+00:00,83087.47189267061,replay,2026-10-09T00:31Z
2026-10-06,2026-10-06 22:00:00+00:00,83986.78934829074,replay,2026-10-09T00:31Z
2026-10-06,2026-10-06 23:00:00+00:00,82985.92549503274,replay,2026-10-09T00:31Z
2026-10-06,2026-10-07 00:00:00+00:00,83576.91817694646,replay,2026-10-09T00:31Z
2026-10-06,2026-10-07 01:00:00+00:00,82702.92389909003,replay,2026-10-09T00:31Z
2026-10-06,2026-10-07 02:00:00+00:00,81722.99979582582,replay,2026-10-09T00:31Z
2026-10-06,2026-10-07 03:00:00+00:00,77923.22311094542,replay,2026-10-09T00:31Z
2026-10-06,2026-10-07 04:00:00+00:00,73468.89291333828,replay,2026-10-09T00:31Z
2026-10-07,2026-10-07 05:00:00+00:00,70740.58876668115,replay,2026-10-09T00:31Z
2026-10-07,2026-10-07 06:00:00+00:00,67567.5355451504,replay,2026-10-09T00:31Z
2026-10-07,2026-10-07 07:00:00+00:00,64193.98777643297,replay,2026-10-09T00:31Z
2026-10-07,2026-10-07 08:00:00+00:00,63658.19643580072,replay,2026-10-09T00:31Z
2026-10-07,2026-10-07 09:00:00+00:00,63569.54058291118,replay,2026-10-09T00:31Z
2026-10-07,2026-10-07 10:00:00+00:00,64260.946349569065,replay,2026-10-09T00:31Z
2026-10-07,2026-10-07 11:00:00+00:00,66000.28480961685,replay,2026-10-09T00:31Z
2026-10-07,2026-10-07 12:00:00+00:00,69991.28220559022,replay,2026-10-09T00:31Z
2026-10-07,2026-10-07 13:00:00+00:00,71879.36825894775,replay,2026-10-09T00:31Z
2026-10-07,2026-10-07 14:00:00+00:00,72734.91004758724,replay,2026-10-09T00:31Z
2026-10-07,2026-10-07 15:00:00+00:00,74409.91746058546,replay,2026-10-09T00:31Z
2026-10-07,2026-10-07 16:00:00+00:00,76998.22473285192,replay,2026-10-09T00:31Z
2026-10-07,2026-10-07 17:00:00+00:00,80305.11703412932,replay,2026-10-09T00:31Z
2026-10-07,2026-10-07 18:00:00+00:00,82616.25448016063,replay,2026-10-09T00:31Z
2026-10-07,2026-10-07 19:00:00+00:00,84905.18588564855,replay,2026-10-09T00:31Z
2026-10-07,2026-10-07 20:00:00+00:00,85950.64778967485,replay,2026-10-09T00:31Z
2026-10-07,2026-10-07 21:00:00+00:00,85927.18288030342,replay,2026-10-09T00:31Z
2026-10-07,2026-10-07 22:00:00+00:00,86175.58281608092,replay,2026-10-09T00:31Z
2026-10-07,2026-10-07 23:00:00+00:00,87157.36201379797,replay,2026-10-09T00:31Z
2026-10-07,2026-10-08 00:00:00+00:00,87020.05838415041,replay,2026-10-09T00:31Z
2026-10-07,2026-10-08 01:00:00+00:00,86550.42157121052,replay,2026-10-09T00:31Z
2026-10-07,2026-10-08 02:00:00+00:00,83998.29335265346,replay,2026-10-09T00:31Z
2026-10-07,2026-10-08 03:00:00+00:00,80818.597795953,replay,2026-10-09T00:31Z
2026-10-07,2026-10-08 04:00:00+00:00,75565.23439952359,replay,2026-10-09T00:31Z
2026-10-09,2026-10-09 05:00:00+00:00,68932.69282512103,live,2026-10-09T00:31Z
2026-10-09,2026-10-09 06:00:00+00:00,66985.15334381357,live,2026-10-09T00:31Z
2026-10-09,2026-10-09 07:00:00+00:00,65305.97566581161,live,2026-10-09T00:31Z
2026-10-09,2026-10-09 08:00:00+00:00,63857.930887290844,live,2026-10-09T00:31Z
2026-10-09,2026-10-09 09:00:00+00:00,62795.43110923198,live,2026-10-09T00:31Z
2026-10-09,2026-10-09 10:00:00+00:00,62727.99020808415,live,2026-10-09T00:31Z
2026-10-09,2026-10-09 11:00:00+00:00,64516.034229104,live,2026-10-09T00:31Z
2026-10-09,2026-10-09 12:00:00+00:00,67767.60320686796,live,2026-10-09T00:31Z
2026-10-09,2026-10-09 13:00:00+00:00,69794.88133739914,live,2026-10-09T00:31Z
2026-10-09,2026-10-09 14:00:00+00:00,70837.34939658307,live,2026-10-09T00:31Z
2026-10-09,2026-10-09 15:00:00+00:00,72043.57925675085,live,2026-10-09T00:31Z
2026-10-09,2026-10-09 16:00:00+00:00,74283.57881615854,live,2026-10-09T00:31Z
2026-10-09,2026-10-09 17:00:00+00:00,76983.471449192,live,2026-10-09T00:31Z
2026-10-09,2026-10-09 18:00:00+00:00,79872.92255567359,live,2026-10-09T00:31Z
2026-10-09,2026-10-09 19:00:00+00:00,82060.76473850715,live,2026-10-09T00:31Z
2026-10-09,2026-10-09 20:00:00+00:00,83382.19385881646,live,2026-10-09T00:31Z
2026-10-09,2026-10-09 21:00:00+00:00,84294.33017902345,live,2026-10-09T00:31Z
2026-10-09,2026-10-09 22:00:00+00:00,85829.04900716987,live,2026-10-09T00:31Z
2026-10-09,2026-10-09 23:00:00+00:00,86157.26979832193,live,2026-10-09T00:31Z
2026-10-09,2026-10-10 00:00:00+00:00,85604.9176881008,live,2026-10-09T00:31Z
2026-10-09,2026-10-10 01:00:00+00:00,83331.13917537405,live,2026-10-09T00:31Z
2026-10-09,2026-10-10 02:00:00+00:00,79257.82991596559,live,2026-10-09T00:31Z
2026-10-09,2026-10-10 03:00:00+00:00,76395.69882959941,live,2026-10-09T00:31Z
2026-10-09,2026-10-10 04:00:00+00:00,72745.75537899777,live,2026-10-09T00:31Z
